<?xml version="1.0" encoding="UTF-8"?>
<!DOCTYPE mapper PUBLIC "-//mybatis.org//DTD Mapper 3.0//EN" "http://mybatis.org/dtd/mybatis-3-mapper.dtd">
<mapper namespace="com.egrand.cloud.ram.server.mapper.GroupMapper">

    <!-- 通用查询映射结果 -->
    <resultMap id="BaseResultMap" type="com.egrand.cloud.ram.client.model.entity.Group">
        <id column="id" property="id" />
        <result column="comments" property="comments" />
        <result column="create_date" property="createDate" />
        <result column="group_name" property="groupName" />
        <result column="status" property="status" />
        <result column="update_date" property="updateDate" />
        <result column="ou_info_id" property="ouInfoId" />
    </resultMap>

    <!-- 通用查询结果列 -->
    <sql id="Base_Column_List">
        id, comments, create_date, group_name, status, update_date, ou_info_id
    </sql>

    <!--自定义关联查询-->
    <!-- 表名 -->
    <sql id="t_name">egd_org_group</sql>
    <!-- 别名 -->
    <sql id="t_alias">egd_org_group as group</sql>
    <!--外键表关联定义 -->
    <sql id="join"></sql>

    <!-- 自定义查询单个实体 -->
    <select id="getEntityMap" resultType="com.opencloud.common.mybatis.EntityMap">
        SELECT * FROM
        <include refid="t_alias"/>
        <include refid="join"/>
        ${ew.customSqlSegment}
    </select>

    <!-- 自定义关联查询分页 -->
    <select id="pageList" resultType="com.opencloud.common.mybatis.EntityMap">
        select ${ew.select} FROM
        <include refid="t_alias"/>
        <include refid="join"/>
        ${ew.customSqlSegment}
    </select>
</mapper>
