<?xml version="1.0" encoding="UTF-8"?>
<!DOCTYPE mapper PUBLIC "-//mybatis.org//DTD Mapper 3.0//EN" "http://mybatis.org/dtd/mybatis-3-mapper.dtd">
<mapper namespace="com.egrand.cloud.yuncang.file.server.mapper.UserFolderMapper">

    <!-- 通用查询映射结果 -->
    <resultMap id="BaseResultMap" type="com.egrand.cloud.yuncang.file.client.model.entity.UserFolder">
        <id column="id" property="id" />
        <result column="create_time" property="createTime" />
        <result column="update_time" property="updateTime" />
        <result column="user_id" property="userId" />
        <result column="folder_id" property="folderId" />
        <result column="folder_location" property="folderLocation" />
    </resultMap>

    <!-- 通用查询结果列 -->
    <sql id="Base_Column_List">
        create_time,
        update_time,
        id, user_id, folder_id, folder_location
    </sql>

    <!--自定义关联查询-->
    <!-- 表名 -->
    <sql id="t_name">egd_yc_user_folder</sql>
    <!-- 别名 -->
    <sql id="t_alias">egd_yc_user_folder as folder</sql>
    <!--外键表关联定义 -->
    <sql id="join"></sql>

    <!-- 自定义查询单个实体 -->
    <select id="getEntityMap" resultType="com.egrand.core.mybatis.EntityMap">
        SELECT * FROM
        <include refid="t_alias"/>
        <include refid="join"/>
        ${ew.customSqlSegment}
    </select>

    <!-- 自定义关联查询分页 -->
    <select id="pageList" resultType="com.egrand.core.mybatis.EntityMap">
        select ${ew.select} FROM
        <include refid="t_alias"/>
        <include refid="join"/>
        ${ew.customSqlSegment}
    </select>
</mapper>
